{
  "step": 100000,
  "episode": 281,
  "best_success_rate": 1.0,
  "reward_history": [
    262.4381518696697,
    6.746040452538632,
    -70.06984524310269,
    197.22773627143835,
    261.1085256741078,
    252.05847300404727,
    247.35096164678572,
    244.42628185446537,
    243.52243780526868,
    244.3220894775223,
    242.74010886820145,
    241.37394380586426,
    244.13867129828816,
    244.32928497737103,
    244.0740935350707,
    245.24060844200994,
    248.09808170654466,
    248.90048727468783,
    244.7152078351554,
    255.77352975488012,
    247.869938957388,
    246.91555339104974,
    245.2400584742262,
    245.3179975702679,
    245.26409498824768,
    243.94332872473598,
    242.04206103686295,
    243.29739675498197,
    244.54807901304585,
    243.31703644071445,
    127.20656957099283,
    136.7489476447879,
    177.96206285103446,
    199.26699416618638,
    263.58508126179646,
    256.6200855764326,
    208.37445279986605,
    221.71848357757148,
    160.95391570254213,
    133.42996805569996,
    112.02400272880679,
    19.902006726079414,
    21.513667591462465,
    62.46434490836685,
    4.288907926498014,
    58.770913498302825,
    50.076870626731875,
    85.36244578680527,
    92.44107981813005,
    67.32538124888458,
    123.3927526741754,
    28.5060165696119,
    -31.53946045273495,
    -44.082790033178334,
    129.27819214632282,
    189.3770046570069,
    267.33258080280837,
    238.32882128335498,
    246.2528864132537,
    272.04110385497114,
    153.4546802334139,
    183.126341554357,
    329.42281179260476,
    121.81630495873901,
    166.40004025003196,
    162.40069108962157,
    170.81932279603518,
    50.604183512477555,
    196.7876111178881,
    124.03801248129983,
    122.74467795832291,
    191.2967051890383,
    139.080746468246,
    223.67867536987404,
    122.31975559747538,
    73.51905220939311,
    86.58893446592609,
    251.659818616388,
    254.88785974118298,
    155.36049655383633,
    89.72214104757539,
    146.45371028061686,
    221.26528400198302,
    79.9835929779836,
    190.04669223473564,
    236.32056244378478,
    259.54709556892465,
    311.4644919418098,
    323.22589983208553,
    167.39467338361473,
    210.17537047857772,
    219.01381965728078,
    283.57485558794934,
    311.04027355726987,
    224.32380514299544,
    229.79980133862855,
    186.46294610931133,
    222.90597069261463,
    196.5721207297171,
    201.56205423169504,
    111.8169575617601,
    380.95631827233467,
    452.41539983778796,
    228.0585871472637,
    184.23741684234457,
    191.55246100022742,
    206.85507759361994,
    162.4777190398862,
    198.89638893239237,
    237.3389021068848,
    186.02792215765658,
    160.54585286047825,
    169.4201236451757,
    115.94852369237877,
    68.57923060152845,
    57.794225780408595,
    83.67162745537884,
    62.78117623295991,
    136.31774666634894,
    115.9909450527898,
    145.30856536205687,
    139.27110360699453,
    150.63763083997887,
    188.29116179304123,
    253.15940320666394,
    245.31399746018997,
    241.5086958261885,
    285.2326169400724,
    357.25813658286944,
    245.71699722853373,
    238.70952007630817,
    287.71752501774813,
    267.11061264326554,
    230.3687499385893,
    265.57981939804364,
    252.41369712622097,
    234.40372920236226,
    228.72131366257958,
    347.20706213957214,
    232.36127408106512,
    220.13481278141666,
    186.54204593470817,
    211.86375551072553,
    210.74031247651754,
    241.22240029656646,
    252.7097676930653,
    254.13282163758635,
    221.86960348819053,
    264.426265267682,
    250.68183576830285,
    260.41862399256183,
    261.46419493982756,
    233.7745206789575,
    283.75165565100235,
    213.71813243686876,
    208.3935368644715,
    238.56242314992627,
    253.27242239636712,
    247.83491593521987,
    278.9882529286463,
    281.42877000794823,
    264.53509760979995,
    259.1097113185345,
    281.191956668152,
    282.247969979769,
    242.42431319677635,
    269.6024013391542,
    256.0165897909865,
    266.7275433659667,
    244.10519494861074,
    235.08866262717538,
    218.03993012275902,
    249.441026378569,
    213.67910067450683,
    222.4516496272263,
    240.5602850334758,
    265.26286373437483,
    204.8286022205905,
    252.70820863802288,
    216.4232208351924,
    253.7880580313377,
    270.54967706894064,
    217.07513167911122,
    253.1297264458765,
    238.32402269313042,
    206.5182138364207,
    258.4050335744902,
    231.91318983506193,
    229.66348419063138,
    247.47575142184655,
    246.21372790631716,
    235.48317231725642,
    251.07223879278322,
    238.1816040450511,
    249.43960573728702,
    245.51533665412288,
    267.1991068393391,
    246.05968218879838,
    236.07460096359733,
    255.85783639979692,
    264.1118107308436,
    275.6351617512901,
    260.20905734907393,
    273.73172919168803,
    260.31255084315484,
    225.4191471578381,
    247.59762446264992,
    238.73526511636706,
    257.2094282719764,
    244.02977122961144,
    241.39617398316747,
    252.9765119282331,
    265.89137943423106,
    253.21697622830087,
    250.3905687138352,
    180.25177771773832,
    258.7131147033807,
    237.45976870420878,
    279.23564131140876,
    258.83636545724386,
    257.16733214673354,
    262.9877089150374,
    248.22345868429602,
    247.52819289346982,
    263.4383944256766,
    267.07653108556815,
    280.1036058779478,
    261.8758496227601,
    340.8539158406263,
    336.639360624147,
    266.4434109773277,
    222.0418792206739,
    218.1864508289443,
    258.47313934660923,
    275.5752907370502,
    258.56260133031145,
    204.08922483449422,
    253.0771637338204,
    272.1224245970943,
    263.1184093147005,
    212.88300567172072,
    231.5259648220697,
    289.76137958518115,
    257.8874573654255,
    269.40325003404695,
    257.3572282493487,
    246.63972931778986,
    284.03550995744865,
    259.4137743957962,
    417.7662498750118,
    237.88877972076486,
    277.4814437180241,
    262.5805806079693,
    257.14390621617645,
    270.57123041649186,
    227.9926056603637,
    268.2351315553908,
    260.32363132449314,
    255.4158338060309,
    292.1569081689111,
    269.0939434895272,
    257.4193071474273,
    206.87253094408698,
    252.02012915827956,
    280.0006404426299,
    263.92204635955477,
    274.3097995557974,
    280.52533964362226,
    327.8492732557013,
    308.80591879318405,
    282.0309120603285,
    270.59415289394616,
    276.7035941138094,
    217.00573676176967,
    312.55628803099916,
    254.842902709402,
    258.73848548191455,
    259.50353583970474,
    265.1148631418808,
    426.21250959505676,
    418.1695928348804
  ],
  "recent_successes": [
    0,
    0,
    0,
    0,
    0,
    0,
    0,
    0,
    0,
    0,
    0,
    0,
    0,
    0,
    0,
    0,
    0,
    0,
    0,
    0,
    0,
    0,
    0,
    0,
    0,
    0,
    0,
    0,
    0,
    0,
    0,
    0,
    0,
    0,
    0,
    0,
    0,
    0,
    0,
    0,
    0,
    0,
    0,
    0,
    0,
    0,
    0,
    1,
    1,
    0,
    0,
    0,
    0,
    0,
    0,
    0,
    0,
    0,
    0,
    0,
    0,
    0,
    0,
    0,
    0,
    0,
    0,
    0,
    1,
    0,
    0,
    0,
    0,
    0,
    0,
    0,
    0,
    0,
    0,
    0,
    0,
    0,
    0,
    0,
    0,
    0,
    0,
    1,
    0,
    0,
    0,
    0,
    0,
    1,
    0,
    0,
    0,
    0,
    1,
    1
  ],
  "buffer_size": 100000,
  "buffer_capacity": 100000,
  "alpha": 0.11346088386129737
}