{
  "step": 35000,
  "episode": 170,
  "best_success_rate": 1.0,
  "reward_history": [
    239.04856184151407,
    239.04325919946822,
    239.0513996860663,
    239.04592182314232,
    239.04073279928537,
    239.04535986059645,
    239.84479513988205,
    239.053030784168,
    239.04285103211268,
    239.04054916831404,
    239.04289497562525,
    239.04639976131753,
    239.04890951436786,
    239.0502913374942,
    239.04844404816356,
    239.04563477438708,
    239.03760960074146,
    239.0484003719796,
    239.02989292187587,
    239.04247321891916,
    239.05642499751764,
    239.04536060864316,
    239.04238871728063,
    239.05527885626046,
    239.0452904241643,
    239.0523410283203,
    239.04318958542177,
    239.04840448423778,
    239.0373415908666,
    239.83227014213182,
    239.0584806109391,
    239.0446559075928,
    239.04632908135417,
    239.0475923707436,
    239.03524700814734,
    239.04074816681975,
    239.04452332286303,
    239.03662599609896,
    239.0390691449726,
    239.8270392905528,
    256.00099881264185,
    298.05900165904643,
    273.3772764165989,
    291.32279860817823,
    360.89179176198115,
    256.0274120299143,
    254.9747512952634,
    255.86518856355428,
    277.1868813216437,
    253.5791474547454,
    254.12044047629266,
    260.0569145188731,
    274.03532864454405,
    255.03903791282048,
    113.7025170645446,
    215.54718381244203,
    147.48461058938284,
    388.2529105809556,
    263.757725631846,
    261.69785854030937,
    258.6108351010342,
    259.3459607557598,
    268.5669505498195,
    261.26763448412976,
    256.5950396284901,
    258.8025225452873,
    257.5110622793242,
    256.74883176884765,
    262.8221993213412,
    255.16149560021518,
    254.91981409605103,
    254.7830674823162,
    254.17228173857353,
    254.35763415484658,
    -61.30626320132176,
    256.2892572746578,
    253.59366041447083,
    254.3246495978679,
    261.66342088924347,
    255.86426605800477,
    255.71766133128284,
    254.2673387613417,
    108.85164049058415,
    254.72315981188157,
    257.08591431375385,
    258.07355137397917,
    253.96443628735426,
    254.86110922240377,
    256.286364714771,
    255.7164337196163,
    76.10071551352269,
    303.77562951364143,
    413.0748144086615,
    272.3508321883986,
    483.226208742049,
    333.6441647550916,
    324.4668795014676,
    512.8443352755545,
    491.6864290254225,
    379.6937697775885,
    406.8205661762298,
    778.1394771829462,
    522.1889559348078,
    454.18886456485626,
    513.7882066775746,
    546.8645363095727,
    590.2379704102866,
    512.0357566971717,
    822.8561042288397,
    576.5302040157682,
    271.00430194953515,
    419.89293480660046,
    552.4145672848272,
    582.3344521016758,
    408.4692088791196,
    453.945143504553,
    564.8746717922817,
    254.86139162985197,
    548.8725595729836,
    367.63299180165933,
    426.10291151214386,
    523.9506311031303,
    423.7528496743482,
    443.8055429894953,
    549.6356731769822,
    422.07891941448224,
    511.5421567956121,
    583.4603501068339,
    700.6041925809163,
    541.9293685681174,
    394.9025236179223,
    428.6443501154756,
    539.7211220833234,
    220.05445155708682,
    508.8533124673728,
    477.4475930601268,
    558.2654643939777,
    562.3692128252908,
    443.8119378964618,
    586.9484797590433,
    461.9794488217736,
    417.07997536491894,
    435.22622731622437,
    398.7153339040571,
    559.5237947392383,
    460.28333442818496,
    465.44209957894566,
    456.9970725607534,
    196.93012341946257,
    150.31281851767648,
    365.5683128412666,
    492.67564226637523,
    407.97857483776033,
    447.4131817596702,
    442.9674429228766,
    440.1301419901199,
    458.9428840155574,
    438.18625891371084,
    292.5180451098233,
    372.4238416656599,
    659.0623555082387,
    416.1224205068704,
    425.08540929278087,
    435.66430118401513,
    439.22653406970744,
    433.60836244249606,
    432.4248705281251,
    432.26040636093444,
    435.57041961681625,
    459.49245038086883
  ],
  "recent_successes": [
    0,
    0,
    1,
    0,
    1,
    1,
    1,
    1,
    0,
    0,
    0,
    1,
    0,
    1,
    1,
    1,
    1,
    1,
    0,
    0,
    1,
    0,
    0,
    1,
    1,
    1,
    1,
    1,
    1,
    1
  ],
  "buffer_size": 29518,
  "buffer_capacity": 100000,
  "alpha": 0.2091465763646561
}