{
  "step": 95000,
  "episode": 400,
  "best_success_rate": 1.0,
  "reward_history": [
    243.8334999191297,
    241.53627730686557,
    241.69503807389137,
    241.43549118518175,
    242.6324812807804,
    242.60989049171903,
    242.89056909609639,
    242.71961416407788,
    242.54657685260545,
    242.68734094901978,
    241.4653428849174,
    242.13915159233122,
    243.87609485250007,
    241.18990182490828,
    243.16572177754568,
    242.98112075460347,
    242.02197485465328,
    242.67807680029534,
    242.0883045377541,
    241.8678956021384,
    242.80862471924394,
    242.67335261504928,
    243.95192117287405,
    242.76776645782638,
    242.0932997201883,
    240.9835274762447,
    243.32475123684748,
    243.96616294230023,
    242.61903287992385,
    242.65824421866006,
    243.9574964852573,
    243.37118046164662,
    241.34043544591268,
    242.18868718158797,
    241.55831084077425,
    241.71335766235322,
    241.78797355852512,
    242.73715329419196,
    241.82749408573414,
    242.2294414624835,
    -18.42174343710348,
    58.35689513414734,
    -5.2066039954888375,
    253.8952482763179,
    145.93178713930186,
    262.4486643909659,
    267.16022274981816,
    270.930061475119,
    256.0392175931981,
    257.36955799589396,
    116.76012641608037,
    4.545996540619383,
    76.8036556413887,
    407.00139363425785,
    151.3354459746171,
    290.4944251758004,
    261.2638156376704,
    281.4349845304643,
    259.30568473695735,
    261.03966209249523,
    261.29549590616557,
    -16.054436102430017,
    270.75417216907044,
    253.48893650438652,
    140.55967803833659,
    262.43639241324945,
    266.73901884365716,
    262.1525800788329,
    252.8138931286294,
    252.77526338578974,
    253.57774042229622,
    255.12628986034701,
    254.1779834497555,
    257.3738818250185,
    255.7732938759866,
    261.13557650374145,
    252.72109266986365,
    252.46199472468044,
    253.56138793671414,
    258.08297687304264,
    252.50020127109306,
    252.55311274182762,
    253.318896079495,
    252.56684523432062,
    261.8517949476949,
    253.26019282097312,
    253.81645081684667,
    269.40175772639464,
    269.77625593251065,
    260.0218284109851,
    414.77160047326345,
    490.57092597621835,
    442.6532739946752,
    307.71418227210506,
    441.66922671792406,
    213.17355523501757,
    284.19449475673247,
    391.28377004354,
    484.5526175749486,
    540.6810434858072,
    432.8142147767553,
    419.3832805866007,
    423.79168308043637,
    500.1277102628299,
    421.6890188773041,
    439.1597658066041,
    440.17496658219636,
    447.6292108013262,
    469.1465850769389,
    421.0092084644762,
    503.6489414627846,
    490.2801477387813,
    486.47470475321813,
    502.19627485635175,
    588.9105085728646,
    304.696594347186,
    294.5483816889566,
    281.26274999050037,
    206.59164220918638,
    261.8156107026768,
    260.87723088027593,
    272.4864146261087,
    340.4828002713238,
    454.95648731880397,
    545.503397197826,
    444.5169632269689,
    365.5748480608373,
    506.0466420875006,
    535.5102224207676,
    367.98425776633917,
    528.0847030557965,
    406.50371534395026,
    419.5593113578407,
    471.5157232653414,
    619.8928683126354,
    511.8557767168184,
    537.6413252105557,
    471.1550060965797,
    578.759937763635,
    548.3283922042882,
    584.1643720782374,
    540.9732209169766,
    440.7199298893456,
    433.31094885041193,
    460.89385622897214,
    439.58212338488545,
    454.3355363163761,
    332.9553950606236,
    439.2562944619269,
    394.037958361776,
    489.8047142885382,
    445.46670866140585,
    454.8767909970344,
    446.86162853329785,
    571.0453801847509,
    490.05269892317244,
    483.3794985621859,
    438.33656716957825,
    580.5148663562845,
    442.41956481148884,
    598.8431597920174,
    587.3935278811862,
    814.8914757863654,
    653.2037444303054,
    465.2155441949726,
    431.7350061187433,
    447.26409273296883,
    437.6494042903821,
    445.8040186460787,
    437.22864721806377,
    452.5751524107502,
    433.00530448372206,
    529.5472957760873,
    432.7500396836569,
    573.4665279953027,
    504.0199019834819,
    402.30560431727974,
    440.71409286419885,
    446.43295955803785,
    531.7315705912281,
    438.1298573690559,
    550.2177396690327,
    506.1124701417222,
    435.00866697274614,
    512.2037351679405,
    436.3495161892989,
    432.8727075589774,
    465.0747624751446,
    475.32134134955385,
    440.54442397426965,
    498.4662104791209,
    468.9243810753395,
    497.18855793604655,
    467.4169405369456,
    468.22568730828044,
    471.2629204643239,
    475.31292809826846,
    473.72406909496203,
    481.1582660714007,
    460.78895484294594,
    527.7697785599124,
    468.8729078740547,
    483.6331380694775,
    473.3787429063116,
    483.9790465097316,
    487.1999433272532,
    490.2322408243804,
    402.80152008639345,
    574.1297825542006,
    552.783793685988,
    636.7748092872735,
    588.0683630558464,
    566.8177123743144,
    644.266640367276,
    608.8443745657397,
    596.1073412007563,
    640.075412981022,
    561.7563376567854,
    471.48218579150404,
    474.14970771710693,
    590.1906584276765,
    471.3690622144071,
    471.228830683685,
    478.9443870915186,
    476.2460498031134,
    471.65388677193243,
    471.59207667563936,
    614.300321039288,
    481.9345584989074,
    472.8163558140035,
    493.1905268669221,
    480.8725773687064,
    629.2124975304366,
    531.0478201126555,
    655.0570658208021,
    528.8829997118797,
    482.3447496366134,
    489.7068382766795,
    538.3582323646448,
    503.9601245639791,
    521.5071707934873,
    507.88660029155005,
    525.3403010021084,
    675.8589903463015,
    535.7320298414631,
    485.2778988448558,
    514.5299725423779,
    496.84183035073227,
    661.7265677743021,
    474.7804996720787,
    471.48610767776097,
    475.5491333277097,
    484.4148501391158,
    495.359209056044,
    470.23620455024803,
    422.36249294451375,
    522.5399303383875,
    476.1043962880651,
    493.8004508637607,
    504.1825968326206,
    474.95556629600605,
    508.24086211739177,
    616.9879796908284,
    538.6056446388806,
    498.7959531409415,
    478.31476736342165,
    890.7976184075801,
    520.5504011059604,
    652.43500482419,
    495.73474290682805,
    510.2963858699806,
    582.5382329171968,
    495.04252953322805,
    523.4935742358082,
    542.8258776637448,
    944.9220274984145,
    676.6534384900208,
    496.2178489859979,
    473.3892965531463,
    501.3751368222418,
    658.9865816526726,
    615.5285393330969,
    647.6250935331535,
    491.72944696377556,
    937.5186662679688,
    661.2750745163635,
    518.865417881559,
    479.5613830033849,
    628.270061375127,
    475.08365072066636,
    595.1406539786478,
    643.1491487788064,
    613.438292877077,
    503.93979866597624,
    587.8198393436331,
    526.1566561194509,
    555.018126223934,
    518.3480186348977,
    594.6523214063911,
    486.00883065694006,
    514.2293181889904,
    483.18513667851005,
    595.0310774469557,
    479.5100391058026,
    515.6264459961772,
    657.0177080092245,
    654.1644597889066,
    523.4276345507807,
    494.01928276125,
    510.0390536242846,
    515.519423037467,
    575.7554929708011,
    488.0763660485908,
    614.7106218337783,
    521.2442206581646,
    570.9705921617282,
    659.6523164833771,
    538.7127160597331,
    490.79668522479056,
    655.4661159960339,
    480.32825177641087,
    611.9566560785742,
    476.2139353569602,
    512.8534146515468,
    479.5939346894995,
    509.29604727138394,
    601.6584134418365,
    511.2116694207641,
    485.5945355605612,
    471.8645379272638,
    476.46869723661496,
    496.22528692705055,
    481.5520074234682,
    473.9311350645515,
    482.99363476468426,
    479.27829637032016,
    512.5172081264742,
    480.24344371101455,
    481.40583188314986,
